﻿Designator,Quantity,Value,Footprint,Package,MPN,DNP,Mount_Type,Description,Sim.Device,Sim.Pins
"C1, C13, C14",3,10uF,C_0805_2012Metric_Pad1.18x1.45mm_HandSolder,,,,smt,Polarized capacitor,,
"C10, C11, C4, C9",4,100nF,C_0805_2012Metric_Pad1.18x1.45mm_HandSolder,,,,smt,Unpolarized capacitor,,
C12,1,220uF,CP_Radial_D8.0mm_P3.50mm,,,,tht,Polarized capacitor,,
C2,1,330nF,C_0805_2012Metric_Pad1.18x1.45mm_HandSolder,,,,smt,Unpolarized capacitor,,
"C3, C6, C8",3,10nF,C_0805_2012Metric_Pad1.18x1.45mm_HandSolder,,,,smt,Unpolarized capacitor,,
C5,1,100uF,CP_Radial_D6.3mm_P2.50mm,,,,tht,Polarized capacitor,,
C7,1,220nF,C_0805_2012Metric_Pad1.18x1.45mm_HandSolder,,,,smt,Unpolarized capacitor,,
D1,1,1N4148W,D_SOD-123,,,,smt,"75V 0.15A Fast Switching Diode, SOD-123",D,1=K 2=A
J1,1,12VDC,Altech_AK100_1x02_P5.00mm,,,,tht,"Generic screw terminal, single row, 01x02, script generated (kicad-library-utils/schlib/autogen/connector/)",,
J2,1,RGB TFT Display,PinHeader_1x08_P2.54mm_Vertical,,,,tht,"Generic connector, single row, 01x08, script generated",,
J3,1,FAN(s),Altech_AK100_1x02_P5.00mm,,,,tht,"Generic screw terminal, single row, 01x02, script generated (kicad-library-utils/schlib/autogen/connector/)",,
J4,1,SSR,Altech_AK100_1x02_P5.00mm,,,,tht,"Generic screw terminal, single row, 01x02, script generated (kicad-library-utils/schlib/autogen/connector/)",,
J5,1,Type-K,TerminalBlock_MetzConnect_Type171_RT13702HBWC_1x02_P7.50mm_Horizontal,,,,tht,"Generic screw terminal, single row, 01x02, script generated (kicad-library-utils/schlib/autogen/connector/)",,
Q1,1,AO3400A,SOT-23,,,,smt,"30V Vds, 5.7A Id, N-Channel MOSFET, SOT-23",,
Q2,1,MMBT3904,SOT-23,,,,smt,"0.2A Ic, 40V Vce, Small Signal NPN Transistor, SOT-23",,
"R1, R2, R3, R4, R5, R6, R7",7,10K,R_0805_2012Metric_Pad1.20x1.40mm_HandSolder,,,,smt,Resistor,,
R10,1,100K,R_0805_2012Metric_Pad1.20x1.40mm_HandSolder,,,,smt,Resistor,,
"R8, R9",2,1K,R_0805_2012Metric_Pad1.20x1.40mm_HandSolder,,,,smt,Resistor,,
SW1,1,RotaryEncoder_Switch,RotaryEncoder_Alps_EC11E-Switch_Vertical_H20mm,,,,tht,"Rotary encoder, dual channel, incremental quadrate outputs, with switch",,
"U1, U3",2,74AUP1G14,SOT-353_SC-70-5_Handsoldering,,,,smt,"Single Schmitt NOT Gate, Low-Voltage CMOS",,
U2,1,LP2981-3.3,SOT-23-5,,,,smt,"150mA 16V Low-noise Low-dropout Regulator With Shutdown, 3.3V output voltage, SOT-23-5",,
U4,1,MAX6675,SOIC-8_3.9x4.9mm_P1.27mm,,,,smt,"Cold-Junction-Compensated K-Thermocouple-to-Digital Convertor, SO-8",,
U5,1,ESP32_DevKit_V1_DOIT,esp32_devkit_v1,,,,smt,32-bit microcontroller module with WiFi and Bluetooth,,
U6,1,AMS1117-5.0,SOT-223-3_TabPin2,,,,smt,"1A Low Dropout regulator, positive, 5.0V fixed output, SOT-223",,
